Date,SPY,VEA,VWO,IWM,QQQ,EWJ,MTUM,QUAL,VLUE,USMV,XLK,XLF,XLE,XLV,XLU,XLP,AGG,TLT,IEF,LQD,HYG,TIP,EMB,GLD,SLV,DBC,VNQ
2013-08-31,-0.02999259204677196,-0.016021774465559857,-0.0343058982579707,-0.03164159873304406,-0.003959020286497417,-0.031194110940608644,-0.03563546795943373,-0.020750566880545662,-0.030386453266521563,-0.032573342839956165,-0.010400206504307175,-0.051244659928767144,-0.010313336494133796,-0.035280261975020544,-0.04992343002803645,-0.04542150296462877,-0.008263817183165711,-0.013404603100427015,-0.014226203241838431,-0.00998362799329433,-0.012720531124316925,-0.018262517377156118,-0.02430942122732238,0.052047484216675155,0.18077330732270425,0.028152584776933498,-0.06980067572554671
2013-09-30,0.03164701417966609,0.07850532465153282,0.07274996864579819,0.06489094984982446,0.04832148438223838,0.09659598845989548,0.0301287418236873,0.03807915131503692,0.027415582436117747,0.025372688446336777,0.025321324042686166,0.02821607268594062,0.021142814275801225,0.03207404993026297,0.011473443963148755,0.013710416605468012,0.01120668147008641,0.006518447010244177,0.018462362230499352,0.007419362111861005,0.00781364031696996,0.01756263044576034,0.031513901144752055,-0.047838379698351585,-0.07522127142676172,-0.03375831569084775,0.034818275960161627
2013-10-31,0.046306480544247464,0.03208676926198595,0.04335877243468267,0.024200223850681324,0.049568701624826295,-0.0008389818170052576,0.05567873169809534,0.0486412560595777,0.0472761686380514,0.04724668995957737,0.05024967007423675,0.033149343021537936,0.0419729844552148,0.04309143988501418,0.03773102138240314,0.06407023734455697,0.008326349677010736,0.01430444626229832,0.007777862670622193,0.01808184273215452,0.025182611905757657,0.0034385372912344447,0.025350612557461405,-0.003432632525768975,0.009569414669373,-0.00038806494057908036,0.045207024232227555
2013-11-30,0.029637347206922016,0.006609304406112404,-0.009313984645616724,0.03956417601488327,0.03551175813333107,0.01259499090390448,0.031469858967984043,0.04112693073314255,0.032974939491109634,0.013218344019871875,0.030906269903745676,0.04423876599842891,0.0005789855189461957,0.047185972941022,-0.019340421945420294,0.01558446399097213,-0.0025068779312614753,-0.027033190832979392,-0.008763164949769364,-0.0013936746053831994,0.004731830681610649,-0.010566924779271236,-0.02022371312288418,-0.05511195422936577,-0.08815168610068069,-0.009320503557065929,-0.05250950486833161
2013-12-31,0.025926942373673656,0.018981994149754877,-0.0028459010017731767,0.020211782246861265,0.02927103092991823,0.014242116479820766,0.02677552961293328,0.022871906708101575,0.02164898949895533,0.012730537268584863,0.03534678031584915,0.022476588380689666,0.028716622693598204,0.0073891294346175584,0.009110453658283113,0.006899247312711632,-0.00556740780818632,-0.018696876776880922,-0.020906058314111853,0.0021486185248011935,0.004066752770284898,-0.014527002683111467,0.0028635229630487036,-0.03794527189279151,-0.02754681356291444,0.005880054077960883,0.0010186718677187567
2014-01-31,-0.035248450884959426,-0.05206320600167791,-0.08434600015330063,-0.02773946874535882,-0.01921325912249383,-0.06672170523800491,-0.02315517370834741,-0.04193248629325308,-0.035606642311616254,-0.03042323455733076,-0.025741125967023493,-0.036596526229379145,-0.05795956854280215,0.009379380762033707,0.02976055509804243,-0.051652222640581336,0.01540956950374106,0.06302846933204198,0.030632763911684346,0.01882792854908799,0.0039834726777394636,0.021019269208456315,-0.008136483388614946,0.034188714238774454,-0.013896223102916938,-0.03039757718285263,0.04275105688591507
2014-02-28,0.045515497942917094,0.059478347128332,0.03238638351895018,0.04778863096242736,0.05152450928748187,0.02471307489143615,0.06718997201747068,0.04893835590767437,0.03970781093819742,0.04387022546557051,0.04394007300840741,0.030389072303711684,0.05121167976621854,0.062187001316111656,0.03452660159232224,0.03900872244685338,0.003763500725948443,0.005240544608992037,0.0035744303811600098,0.011449669883619285,0.023084919958321404,0.004367027455749906,0.034447952734725895,0.0627030280482701,0.10298100487598916,0.05024125125848644,0.05065344119526838
2014-03-31,0.008295561378028227,-0.0035343053041372308,0.046273405361824116,-0.007484658720882553,-0.027335910576897327,-0.024117067984181118,-0.034187917561640524,-0.004687979381723051,0.019032172977595074,0.008469542832382215,0.0043022369644165614,0.03330843061241673,0.021083422734349933,-0.012578074534278283,0.03350971971851591,0.02192987591165596,-0.001480382061109231,0.007322038489374627,-0.00561015702467893,-0.0002906640268502958,-0.0008149929067147177,-0.0053244273717740764,0.011906196834103655,-0.031421423365686874,-0.06437343692313835,-0.0003826562769271291,0.004969083334890101
2014-04-30,0.006951785446045022,0.015749955165313523,0.008871252716117217,-0.03747620766328663,-0.0031940823652820693,-0.022064973963983214,-0.009943996562597812,0.007456069019462053,0.008092399884180423,0.013314565474092044,0.0027511868242755533,-0.017009552534205774,0.05254902067044487,-0.006325842935465231,0.042209113182898994,0.02740416312684668,0.008215679917047414,0.020951758571735812,0.007582694973772286,0.013292827817480868,0.004204540347603203,0.013202876756334136,0.010585810763972026,0.0049348807324614,-0.030462279578027163,0.011102489219852796,0.03285215565627042
2014-05-31,0.023206378292748964,0.01765273225734254,0.03102115312400988,0.007858372164298855,0.04485661020435883,0.04512607591219764,0.04067641964298585,0.02326005794895547,0.015399874134675917,0.011497841741352932,0.03758502642359862,0.015026877553976137,0.01674810636923607,0.02873371834184102,-0.0108771954953647,0.018082938519622394,0.01179122067263183,0.02949518746712454,0.018254033876390574,0.01514399867133065,0.012064143401296246,0.02001423076352782,0.034673757110279535,-0.03051039187154414,-0.020585004312715927,-0.014388484292141346,0.023992231313928913
2014-06-30,0.020644855811571494,0.01035711841989606,0.03173083004829724,0.05272027612594221,0.03123847951083003,0.046823720834336946,0.020719984856947482,0.005885336304316757,0.02618711402039553,0.0124424702761885,0.01868930013172254,0.02422627216864348,0.05513306468509582,0.021215314175225597,0.04441943457389774,-0.0025330488357926395,-0.0005755312609251328,-0.0025128445120982112,-0.002167586174773306,6.664354161611818e-05,0.006118848376420294,0.003697497571402808,0.00043396278168050806,0.06319017654797743,0.12002212862007222,0.021129463237148594,0.011341381031472642
2014-07-31,-0.01343773662926373,-0.023714294175116057,0.013679500832483038,-0.060543177698763384,0.01181942238536049,-0.0033222555301853918,-0.01043329552631922,-0.007561353287200534,-0.008056744451304554,-0.014239457342612116,0.01694931956026613,-0.014511997317228631,-0.03466503058592707,0.0013149600083333102,-0.0680073314176658,-0.03316880069632189,-0.0025091228976568125,0.006641469326646776,-0.0022049803570411974,-0.003194802460106394,-0.02431793421028483,-0.0009214608198113705,-0.002515612325030392,-0.03631673024297155,-0.03308642352068869,-0.047404020095981436,0.000801526882602932
2014-08-31,0.039463656195504626,0.002644813097384624,0.03842625002262556,0.04829560073885153,0.05009480225051699,-0.01666674751906083,0.046006439230418916,0.04346296458737875,0.028985284875933548,0.0397930173329375,0.0328202085474576,0.04239193336164471,0.02183594096898145,0.04843225440862997,0.04921267802805773,0.046128902410755845,0.011496444756467383,0.04723744591339751,0.01880277148079168,0.020040646041772137,0.023802917290595804,0.006075510284252017,0.012698674844097146,0.0038090706137288155,-0.04443313802979454,-0.01145336861869839,0.03044063917206241
2014-09-30,-0.013796040396741205,-0.04152752759250189,-0.07165789615943996,-0.059278658954059926,-0.007565861020113807,-0.002542194129998232,-0.006659102940467121,-0.007717729954275998,-0.01568027160433827,-0.007836576664667416,-0.005170301736208582,-0.004034493829708108,-0.0775136615860339,0.004350010193809872,-0.018729826123598192,0.005888253464468196,-0.006147933979174347,-0.021123092870546145,-0.010494580440251866,-0.016816338397350417,-0.01982812400303724,-0.02595310114089655,-0.021588003438557823,-0.061763293138879294,-0.1261356931311387,-0.07231335049120213,-0.06040556403096908
2014-10-31,0.023550836561365696,-0.0035218014364445382,0.022297005462783792,0.06593448977739746,0.026419397686251234,0.02463885803283805,0.022969101612251075,0.026673256394625477,0.014659636513216112,0.0424631814261518,0.016040022857295666,0.02891697459644549,-0.03531198485664788,0.05257429499685595,0.08030336955481543,0.03546866390247505,0.010640514707731308,0.02818533327649453,0.015362142842304749,0.012342216097492198,0.010605538002850023,0.009012724065966538,0.019740263848829098,-0.03054810644807593,-0.05198778970262741,-0.03875964322555181,0.09937343348899619
2014-11-30,0.027471578963035093,0.0,-0.011022898853561891,0.0011154697424460291,0.04546320936819548,-0.03648430261796243,0.0375222633970298,0.02287609798515544,0.02532265828942415,0.035641593440055575,0.048101006523042944,0.023490161279837718,-0.08693666123309685,0.03478505780554175,0.011656301321590679,0.05544811780519754,0.00657077134449735,0.029674228322580154,0.012887002602533393,0.009117965909174686,-0.010810735729438803,0.0015913127932354332,-0.004156000867270859,-0.00488197260677703,-0.04322581137380288,-0.08512541995160006,0.020002829241489772
2014-12-31,-0.00253647087815434,-0.03769765437224193,-0.04680287035235553,0.028929350545609633,-0.022406183928610157,-0.026942532120146967,-0.008061119730116584,-0.005591247616874573,0.0052676430640992145,0.00037904026818469383,-0.02176778645635702,0.018702364420647433,-0.0021081716763998726,-0.014033801905205978,0.035672036787696815,-0.009356724777559888,0.0014755675243318667,0.032513335444437574,0.0012939297968266317,-0.00017223635342256127,-0.008031247605844172,-0.010512144479642327,-0.027176496284709084,0.013112132840068735,0.015509136688732106,-0.09647398992091893,0.019039066142951366
2015-01-31,-0.029629282343557106,0.007127962686580336,-0.001998938691183172,-0.03277050711921048,-0.02082351537386995,0.02224204803572083,-0.0069056775288485195,-0.017349228171222975,-0.041205653805248654,-0.004940617489043619,-0.03506671597323252,-0.0695514350828661,-0.045604087419460204,0.013015801973913055,0.02329467116654982,-0.009692630978791028,0.020522920861344662,0.09815793583056487,0.04302315940491552,0.03751794635374206,0.0070314161283282495,0.032319000339322335,0.018685848797332927,0.08689905756357263,0.09827360256795492,-0.05691075749498853,0.06851857009823581
2015-02-28,0.05620485407573517,0.06159917072198473,0.04656971455250569,0.05946409586988177,0.07220623412644689,0.07484793687832236,0.05429848980119001,0.06016022896091111,0.05925066784755639,0.036494656521291136,0.07994993576697373,0.058235710368451876,0.04593011659180424,0.04287554403704408,-0.06394875992359972,0.04144080428977959,-0.008947792129234244,-0.061383828311176725,-0.024717952767152496,-0.014204363893497662,0.022311234288350024,-0.012886052388955904,0.009597104142033963,-0.05905219494812319,-0.04050791976312895,0.04425298999461602,-0.03674160876131738
2015-03-31,-0.01570580249752407,-0.01218346325625852,-0.02055287361739999,0.017700167867279015,-0.023590038501259625,0.014574720460971635,-0.010529080651120348,-0.015698852056456714,-0.009396912943099744,-0.007481231419912526,-0.03435559086599871,-0.006160222072937871,-0.011552338866603007,0.006406064375427567,-0.009952882982896427,-0.019426527853015796,0.0037472282404016344,0.010922428251176175,0.008561270933105103,0.001950753965990426,-0.009477779287079935,-0.004818768599640255,0.00023213398987675937,-0.021522037888980217,0.003780744804623204,-0.06053928138940834,0.017318555218514886
2015-04-30,0.009833745586744103,0.03866445156828058,0.07413760500234434,-0.025649540743491572,0.019223399703256927,0.02633692965831891,-0.010384248052189404,0.0017293629065231464,0.006656782759158153,-0.005816873510362308,0.027509803970796387,0.0008294801012502795,0.06573854109582422,-0.010896811499297998,-0.004726514970030515,-0.007591097734583663,-0.0032277175153346827,-0.034251943811191676,-0.006330415469931405,-0.011871497390821717,0.008713763774521155,0.006778762105816627,0.012332072960970608,-0.0016716737223684275,-0.0313873189216165,0.07147049119153026,-0.058474658809037794
2015-05-31,0.01285626931658812,-0.00048349371724809576,-0.035535185997277785,0.022363404450820745,0.022484816296685306,0.014774380726623404,0.03363562128869768,0.015222681860199039,0.009167240155205869,0.01023903114387159,0.018553059857555843,0.019477524384674316,-0.05188690045461075,0.04504310842629655,0.006332275904656015,0.008683042479078251,-0.004374626604985332,-0.023724194599579418,-0.0041635041075901436,-0.011203239039342283,0.003554645711968174,-0.010055453010545223,-0.0030868829676301557,0.005552104050766671,0.03629290050982936,-0.03171154597988224,-0.003023106016270205
2015-06-30,-0.0203120440250234,-0.029107801892946594,-0.02553112282758052,0.007829677033281301,-0.024841039699422196,-0.013404970583074216,-0.0034486497150060247,-0.018463400991012402,-0.0165412303591308,-0.02231419045252303,-0.04112826454700258,-0.00461024545680655,-0.03483451669232451,-0.003920132482832628,-0.05984052773426196,-0.018343608792319,-0.010766861269870143,-0.04072068035325571,-0.01630855306231771,-0.018831326198383347,-0.01887157095347669,-0.010246853974244852,-0.01814243215722733,-0.015162101232906178,-0.06003752669721529,0.01637495563697655,-0.0466862970607862
2015-07-31,0.02258932774203215,0.01462770104374056,-0.0626225176131866,-0.011039491369436938,0.04557744451776036,0.009367621349378075,0.03793364442588154,0.028797395530502312,0.0031965690580686434,0.04017856524755037,0.0285026829611017,0.03404496531106593,-0.07690305052108393,0.029574107451311393,0.061022549324006414,0.05693253660252928,0.008621843794408335,0.045460403325664034,0.015183748232856065,0.008319485227023637,-0.004920605653409238,0.005354285427401795,0.00147900537972534,-0.06620986259282224,-0.0632069079270261,-0.12611101804908276,0.05770496578431539
2015-08-31,-0.06095074845893267,-0.072334074373959,-0.09864295438162385,-0.0631099123521548,-0.06824445517351774,-0.06264488572311111,-0.06001332266337478,-0.05413693216730375,-0.057806377509876605,-0.04530257678184291,-0.055190247626275446,-0.07060732004513659,-0.04251916722425764,-0.07964496501720408,-0.03478003639801164,-0.059630391653102244,-0.003357903396425943,-0.006894527019496888,0.0007909823990444043,-0.008274208360585567,-0.015232954994468195,-0.009498168980081045,-0.011268296394271515,0.03707232801234017,-0.006392056326389617,-0.0025430390097823663,-0.06291119325971684
2015-09-30,-0.025515186703031323,-0.04080354982301537,-0.02881650492885013,-0.04936325647051376,-0.022073116123409675,-0.056930808017496726,-0.018894475556643586,-0.0129633506207123,-0.028662508244350238,-0.006221289017251053,-0.013718801839600503,-0.028134181224925725,-0.07193409267811468,-0.057028555031049644,0.029174552962883737,0.003899019548998739,0.008114342887077575,0.019668082790244013,0.01579127564534133,0.011898129095265553,-0.029897701560902323,-0.005230266281768148,-0.010683394654319,-0.01801138660144541,-0.00857754735684968,-0.03441668510161311,0.03059681053199159
2015-10-31,0.08505924330395587,0.06734074711826032,0.05288592459803043,0.056227187481094676,0.11369887933060507,0.07786521602492269,0.07315588031169828,0.08651764902992731,0.0730487365021193,0.059863197492632025,0.10506304180588133,0.06266557910858239,0.11160158382151475,0.07715533652233386,0.010625829468593917,0.05700334129082485,0.0006858346448457286,-0.0040880867717472125,-0.006369386148513234,0.005735546503921718,0.03230609926254613,0.0030009754759845464,0.024260672772445258,0.022833636790845047,0.06705121217369747,0.003300309145709557,0.057585335573730134
2015-11-30,0.0036552852549607273,-0.0076242386256691885,-0.02296198580928266,0.03259919810998757,0.006088350761696226,0.0048701944348565895,0.005327957257460714,0.0044154059769512255,-0.006838437814346787,-0.0021448624950539674,0.007102094752798216,0.019933374037450324,-0.0001471212156571866,-0.0032239414623633778,-0.021257534893396657,-0.009222229316590669,-0.0038909060491917336,-0.008676290507267592,-0.004276368370560557,-0.0015417254535086133,-0.024960013597607134,-0.0014415641030234294,0.0030544722988745665,-0.06752062833262484,-0.09189193194760592,-0.06644739454177162,-0.006258260773919999
2015-12-31,-0.01728248889142603,-0.02133600403513225,-0.034368068274807984,-0.05030402779414356,-0.015947785728602004,-0.013829530764455922,-0.0013441694333899967,-0.017170845281838765,-0.018701814891254,0.005044363000900276,-0.02081153340625952,-0.023643751059307827,-0.10516935707545993,0.01722856334525047,0.021192106641801045,0.029176930242476473,-0.001917029778914614,-0.002971706010379993,-0.004530315736381407,-0.010810357759553302,-0.01992269194226981,-0.010109196657580921,-0.015169248956844017,-0.004513334897339294,-0.01860119105694724,-0.05849192584069618,0.018309855750230808
2016-01-31,-0.049786809866066206,-0.05528318174492708,-0.0574745439013854,-0.08577516458734669,-0.06910407484608061,-0.05115487219919934,-0.03806794854550788,-0.046151644998917773,-0.0867608189355763,-0.013869111715578253,-0.037123314878968694,-0.08854380272124462,-0.03498046014143075,-0.07718998739080796,0.04944544283364105,0.005347324536634224,0.012406185428075256,0.05573028429555471,0.03333607119809723,0.0012279190480293245,-0.016009132352784672,0.015682670459535863,0.0003790438538955332,0.05410997351969926,0.030326048895368274,-0.04341315570436777,-0.034365880829093864
2016-02-29,-0.0008257592913063494,-0.030844660962669246,-0.003243703419983368,-0.0022339152188822764,-0.01565355852789363,-0.053043485581743655,-0.0127659434160593,0.006007332660830311,0.018120696058593788,0.010426995638157743,-0.006547283401884041,-0.029005301394070315,-0.028002256647962964,-0.0036107432424568042,0.0193744130120157,0.003152478883040599,0.008870681147132409,0.030859756220492418,0.014860211500301368,0.010517101708141574,0.014968582811932807,0.012208052640455325,0.017541721289972667,0.10930343875618398,0.04488591978132428,-0.002347403129570713,-0.003636949036228243
2016-03-31,0.06726616413612208,0.07190948187301593,0.12720733035633813,0.08013450270258038,0.06852606363014857,0.04774998366487382,0.05307251893052656,0.059070689683832,0.06013513819375427,0.05931717776464662,0.08821678938953248,0.07159155525394345,0.10165949976138622,0.027074364673944862,0.07976469898200622,0.04738270038619463,0.008746982401179437,-0.0009337999240901507,-0.000661088890333783,0.036145415702332206,0.025470287261363467,0.016672939299865686,0.03313333885592429,-0.008428860461434318,0.03380285227873436,0.04235294055195871,0.10465373183719562
2016-04-30,0.0039410690540875315,0.02313278646903738,0.010121371098087417,0.016722468343437935,-0.031868136070839825,0.0008766558060173679,-0.006292219669849608,-0.003962295411691907,0.007497682729983746,-0.0036421279714407007,-0.050270271876911354,0.03599999194864645,0.0906446882965124,0.029655184339766105,-0.024183655266346138,-0.014323085473486707,0.002549157461807061,-0.00736472585383674,-0.0015612192715417361,0.01554677301024121,0.03122608749189415,0.002093066497144136,0.015547692530531121,0.051088083708025867,0.1566756940903895,0.09706544723455335,-0.023508250524636565
2016-05-31,0.017011301871331153,-0.0029965038909106623,-0.03235035269178754,0.022403714319692014,0.04370021826871762,0.032399172017754774,0.02450410153144733,0.01070974245798828,0.01472255999017369,0.015764281281265058,0.048896155422608834,0.018876067271254904,-0.009333089510524029,0.02235292020220192,0.015076262878525704,0.006883368736156914,0.00013566161092559703,0.008054562719237435,-0.0009923163006030356,-0.005124971023376279,0.0017012404377432233,-0.006440985056754944,-0.00215746493053659,-0.06138296703293311,-0.10541813958242763,0.00891642259016856,0.02248580319718485
2016-06-30,0.0034759789671261476,-0.02059675307407549,0.04923639502275701,-0.00017379546129836498,-0.022780361563802476,-0.01691299962254833,0.02951191198832448,0.004840045052431297,-0.012055802760853829,0.04488477763282672,-0.013777856274209688,-0.032326832077481105,0.027206685834235467,0.009091119890229482,0.07628054638125059,0.053585360234192025,0.01935115722150238,0.06934125984857165,0.03087599379251671,0.030943330648929068,0.017930798209552012,0.02248787896812754,0.04174198645370231,0.08969501879279118,0.175773607881883,0.043507770945557356,0.06928455688091839
2016-07-31,0.036471487629845534,0.0415723281376823,0.05137656132568269,0.05874885200743374,0.07150869860180342,0.04869593956952434,0.026832628036364214,0.03045465021078142,0.04527023529112406,0.01471539015265555,0.07101685862201457,0.03455784538231721,-0.01260263546231477,0.04866850039665427,-0.006670659625260589,-0.008159803565275903,0.005444982158675282,0.021025565303359306,0.0024648811329537335,0.01291620273334737,0.013131671296222613,0.0063875061438485314,0.013687844493132761,0.01984656031160892,0.08342663606934964,-0.06970684077387324,0.042629239370426175
2016-08-31,0.0011972685259591387,0.004072702213083534,0.007829449799960031,0.01784099383219484,0.010500707737282733,0.018242026592850902,-0.014913875460741188,-0.0022058908474741346,0.01241854176228041,-0.019620199261032978,0.011625491172696512,0.03847817779433882,0.016770910588161936,-0.03244702069376382,-0.05544851906088999,-0.005849853341513556,-0.0021544475533923357,-0.010135071730630774,-0.010114353673348786,0.0018027706698695578,0.01967584852415749,-0.003425748400608608,0.01323430209872134,-0.03256316550912575,-0.08423777963726464,0.0077031115464520905,-0.03764119781521136
2016-09-30,5.811097733632309e-05,0.016378723307371112,0.020207287013880748,0.010738236051046623,0.022135406072607333,0.02117263168252137,0.004931030937247005,-0.0010215400882771508,0.006510668904050387,-0.006473401364257114,0.021017711769423242,-0.028018109067097785,0.03688184805314254,-0.005096037357487981,0.003610518332786361,-0.01545556255833136,0.0005166374632887827,-0.015083918633582716,0.002374141271678454,-0.003156280764634034,0.010783860747870078,0.007506466587122507,0.0041286784412188915,0.006892135107908315,0.02708811897205954,0.0430855160096375,-0.018326247773902682
2016-10-31,-0.017337351935546086,-0.024057931112008046,0.0031891969831632228,-0.045970432024257546,-0.014572155111240548,0.007176992203251409,-0.01938764946111915,-0.020447526819814987,-0.011948196746798367,-0.02751486546307258,-0.0075345195772235085,0.022797732398382786,-0.028182985608752875,-0.06587167154095219,0.008981559043097054,-0.0077052300204305535,-0.008172011266496138,-0.043806333350912774,-0.014946693672427735,-0.015285873571675879,-0.009830111307238654,-0.005407800115660999,-0.017290490591692853,-0.02944919584699579,-0.06758249439690167,-0.0033312416159080316,-0.057412587880678934
2016-11-30,0.03683865141068132,-0.01506438513043784,-0.04052977401307356,0.1106331133590146,0.004359408029115608,-0.012470375012955115,-0.0059311986355083945,0.030101159224825924,0.07085245509991434,0.006111039516456085,0.0016870586626893669,0.14032417308326983,0.0846691214527846,0.020635368778799013,-0.05421805477375319,-0.04204547044290641,-0.025654616675752195,-0.08213739323677283,-0.042272212927341735,-0.03167482880875949,0.0001871735861811441,-0.020714894168827658,-0.04312920071957149,-0.08356570639157301,-0.0771950217411902,0.01671127616596535,-0.016756278850372897
2016-12-31,0.020272113628703847,0.024485239720542396,-0.007382691367340932,0.02884405882034935,0.011322163103074212,-0.009229924378592158,0.010952561596000221,0.01995173243767323,0.020790173827596847,0.02432819209761483,0.02259871914649514,0.03756452922611442,0.017307805462286163,0.007162582430493725,0.04898777023949297,0.02996578918391446,0.002541307884079469,-0.004625706153314035,-0.0011852008111689072,0.008391675366094198,0.01838884510067218,-0.0004063052396069411,0.014869727177980296,-0.019149882681417818,-0.03512134074674045,0.04142015388894049,0.04817125353040219
2017-01-31,0.01789444580128019,0.03667223466921499,0.05757424408823386,0.0028178747128768666,0.051401177499028394,0.034997950288238044,0.03150531458213579,0.011577335669724853,0.012680037822668577,0.01260542196091441,0.03556660168292414,0.002580600391622001,-0.03212955409991203,0.022918787649223393,0.012559169186275865,0.01701770311106765,0.002128515547178189,0.008142063525324872,0.002194234968258435,0.0014503364248636963,0.009127536918136947,0.008924502253566668,0.01732854509773918,0.05419215772584596,0.10059560149742652,-0.005681924597690902,-0.001938885358235276
2017-02-28,0.03929170688270145,0.010559725072530002,0.02246320303834093,0.019300813809660866,0.04375051430957577,0.013051286478394042,0.03795543089684861,0.046923554458921934,0.04572290786297839,0.04542445246636362,0.0453274939595214,0.05276720903060905,-0.020850541458344307,0.06338630112073473,0.05266378706155228,0.047727823422203164,0.006458913225976692,0.015846025935634334,0.007236442230267315,0.013210163123001717,0.015317355228325669,0.004116663709786472,0.016760590233225736,0.031847686784806095,0.04449799854546033,-0.0019046784155974938,0.03508556590491829
2017-03-31,0.0012497694331599085,0.03058489525318353,0.028448788351798315,0.0002601410405778104,0.020268873926598374,0.00527029217915298,0.02052376736233197,-0.00044971740625610046,-0.011013253068058115,0.0012300035155039524,0.02226003910327501,-0.029560954232212167,-0.014859969967576658,-0.004805987329561834,-0.001353200934404275,-0.0042264267572387215,-0.0005532154646682441,-0.00655076029303403,0.0008056042877102598,-0.0029515081360587114,-0.001433039527930613,0.0,0.005136728108241062,-0.00427746474772539,-0.006908510848333105,-0.032442758499147684,-0.02423644077965581
2017-04-30,0.00992625845445061,0.022137009131609542,0.015609492348477305,0.01149238497671945,0.027269814329987208,0.006990304616592002,0.025771050351155234,0.006181196809227574,0.0021881575860100977,0.014040047972119218,0.02007132784632648,-0.00842804476497816,-0.029470773599113653,0.015330604116166047,0.00760093871341172,0.01099296213808465,0.009070298712095859,0.01573169950281539,0.01108739524071889,0.011888278701701394,0.008156723359842522,0.004497503835853678,0.017101411164159197,0.01726748147982482,-0.055072507996489994,-0.026955928432372267,0.0024211668227123173
2017-05-31,0.014112878489434877,0.03410497656824907,0.009915787032268142,-0.019703569732221426,0.03897344782914658,0.027574136226322432,0.04765291564798768,0.014880284849164482,-0.0012281388672227278,0.020045516003536434,0.03953675988071126,-0.011900032434569496,-0.03537715820877718,0.007682027666018998,0.04139267884538489,0.026458805279618414,0.006870559266884957,0.01887907878624806,0.00826745757631886,0.013331818277004581,0.010313844339401301,-0.00040047379802021776,0.007616046994333381,-0.0012419798017191397,0.005521482012297296,-0.014189099427199814,-0.007247268152790198
2017-06-30,0.006374959787078138,0.006372851593019702,0.008504408558235532,0.03374426549982923,-0.023179663937957784,0.013238703002634411,0.0034534647412636232,0.005648664008320425,0.011835148847658017,-0.003545060625082641,-0.028118363387571454,0.06513362668823941,-0.0011168603041719072,0.045671498896336926,-0.027088427409897364,-0.022534607196483813,-0.00018276744363621145,0.007918481191919069,-0.005095510589107954,0.0048024161011559485,0.0013253931229355587,-0.008669672616361535,-0.00717095277556723,-0.02155534773928114,-0.04148867460794037,-0.009595706487292022,0.022326456648365856
2017-07-31,0.020554188773425075,0.02879971939602921,0.05339176830422954,0.008524180085732969,0.040613338883840555,0.02068937578802066,0.03476218302004774,0.010219456951161776,0.019845229565424116,0.020232994831271167,0.04459050048946733,0.017024614846809838,0.026186234230858085,0.008202728397730619,0.024249164706260373,0.0069162017090393935,0.003339951974617117,-0.006583497026875995,0.003748628628381656,0.007654812309139558,0.010192689810589961,0.004613424407310607,0.011789322604289554,0.02313170169958645,0.012094180771606844,0.04083034777657413,0.012375416800908479
2017-08-31,0.0029176839992679504,0.00023510822737615733,0.029993358177179186,-0.012578047719682517,0.02073598747320693,-0.0009131095361117891,0.014676901336073911,0.0046583933232537955,0.0021324268548232883,0.007612322524627402,0.02921640380901991,-0.015543864471401325,-0.05478840420013664,0.017523979466181894,0.03288254800700252,-0.011026687339597552,0.009413718108290725,0.03408754893168009,0.014575995841071165,0.006771802185385756,0.000654628004913338,0.010375547419154474,0.019894487561066043,0.04198757511241591,0.04716981245244378,0.003989486871076586,-0.0026110893539830204
2017-09-30,0.02014941504402956,0.025142384937199447,-0.004951527993575011,0.06304108684840593,-0.002952185237459215,0.01827829958366811,0.028088789706718797,0.026517228043986485,0.0347635413491314,0.005166401735480219,0.00817819402113984,0.05132999428922003,0.10182294946276715,0.009113984446237788,-0.027567388713701457,-0.007149716205647083,-0.0057158846977009015,-0.023229343738775943,-0.01441545827866475,-0.0004946831188080703,0.006006425765270551,-0.007020469995197898,-0.0018774894507718187,-0.03369891808976022,-0.0546546467424146,0.019867498217385204,-0.0011405955665785283
2017-10-31,0.023564059898089074,0.01773813818051062,0.02432899080976636,0.007288540075630845,0.046063390844175656,0.05277334281827928,0.05037615665400197,0.029167423598993603,0.026125366626239988,0.019467510629509688,0.06514383869718365,0.028615614812101953,-0.008323335188988978,-0.0075859605530482765,0.03901980364276403,-0.016487873559006605,0.0009782346576143741,-0.0003855141327201439,-0.0018900930671400529,0.001927420437742855,0.0008489814604004664,0.0023608075717760357,0.002431738236888359,-0.007484813689786707,0.0031766322402755343,0.03961035983541383,-0.010710922628867414
2017-11-30,0.03056594509431143,0.008601453003895143,-0.0033612091629688923,0.02941169781678532,0.01971741443934838,0.021483451660353703,0.02796005868609175,0.03602452889096752,0.04159310650419212,0.03078734388945681,0.014138301898407368,0.03458644793034904,0.01752278283588038,0.02909633629719699,0.026850673161368688,0.05575454934484991,-0.001482522007465903,0.007431645035854917,-0.002792808318547002,-0.0012331885487804062,-0.003677430640514401,0.000862443187557238,-0.0027199524186697355,0.003563440057186007,-0.017732725373504787,0.009369085533568189,0.02664234562039547
2017-12-31,0.012128047118250773,0.016541059995776486,0.03705368153459321,-0.003985047786109086,0.006031585343688528,0.00696146124429875,0.0012256933680987459,0.012481042098329898,0.017158463902997356,0.002389537558986854,0.005458209488920174,0.01888120118720016,0.052694258678859685,-0.005504874635279378,-0.060582219419134886,0.022530100217997617,0.004750810904744052,0.018125653424777566,0.0018477474119764636,0.012204372110836026,0.002457416740703655,0.009355227038711611,0.012450932317028096,0.021057003170010358,0.030947745657830428,0.0278467106740512,-0.001474395573811238
2018-01-31,0.056359036211264035,0.047481052551226366,0.08560190607930163,0.025580574139458356,0.08757041067120874,0.050225364524348226,0.0822262978926307,0.0457176914725157,0.043649621772718916,0.03486169177770515,0.07036714543867162,0.06556837484514899,0.03584292977043546,0.06555389689908808,-0.03113116380768388,0.0163474092185929,-0.011250135550751383,-0.03255464679598152,-0.021502186214750085,-0.01225746946806816,0.00045804073873823015,-0.00850340238755054,-0.006373801305498694,0.03234937283169237,0.02251410978765689,0.029500248525299977,-0.04254042494949195
2018-02-28,-0.03636028193110874,-0.05107445667099686,-0.053571306484829884,-0.038437107525581715,-0.012927533416702608,-0.029710884426971895,-0.014604366272591984,-0.029069076974539754,-0.033000875580796896,-0.04247531746582245,-0.004090088965020944,-0.029253934772756507,-0.10835029528331785,-0.04494897289672373,-0.038793283416753144,-0.07627116760497954,-0.010087267478042228,-0.030414838326728533,-0.00932747185694427,-0.022371647877636125,-0.008673207161840835,-0.010336771208992124,-0.021816989004437404,-0.020759902030566435,-0.05443427049282734,-0.029239712845876342,-0.07677785301685425
2018-03-31,-0.02741082561460617,-0.003899105970327721,-0.0020917144927878883,0.012175474197293035,-0.040788899185250305,-0.006386063779130202,-0.03452777870822332,-0.012968553068067323,-0.022713503246017508,-0.0026234622102565552,-0.03733822578137558,-0.04155305086566574,0.017230779315107636,-0.029165853524284135,0.03796512440036204,-0.009069152645384881,0.006711350372762714,0.028596361590906172,0.011557414146953215,0.0055674685329836215,-0.0023180369478918994,0.010096671965727833,0.005525585443765024,0.006320007324218668,-0.0032341649813382167,0.022891420042709942,0.03890761713138424
2018-04-30,0.005168388642668331,0.012655393490958122,-0.027671215367159108,0.009813740481084965,0.00505853377397858,-0.000659228706879289,0.005003909983834598,-0.01305736348451092,0.003901332872770613,0.00211788525699097,0.000611361638927832,-0.004352547307038601,0.09494136953908949,0.010565204622317248,0.020384239655024672,-0.04142112727950653,-0.009410559383960182,-0.020881575848126332,-0.012765477742359033,-0.015659297295538166,0.0047952324636928445,-0.001312712781629033,-0.020507512120526483,-0.009539745360543916,-0.0019467704911255712,0.0341578187380156,0.0082150808512651
2018-05-31,0.024309082241145585,-0.014282804089023715,-0.023423865523838794,0.061635479488288736,0.056729286980878646,-0.014841685583453335,0.03447638097002548,0.026950654416638686,0.019795610204054404,0.009992297827257524,0.06782754826135617,-0.009836124215656161,0.029941453965413478,0.0018231788533353832,-0.01105532439111212,-0.01565909389846043,0.006619205660772787,0.02004435472135757,0.00986182498947219,0.0052140221597931635,0.0005041072796159174,0.0032913248207724344,-0.008101894925830133,-0.011959209467577336,0.005201555468841601,0.026765337552676183,0.03679860958002523
2018-06-30,0.005750838548443715,-0.0165325804955625,-0.04789495333995564,0.006143806104464078,0.011450358954827822,-0.02312847451283573,-0.0007150756215084098,-3.178953048488253e-05,-0.010655037079164154,0.016957458067400788,-0.0026312199666643776,-0.017469317269450557,0.005695490939379377,0.016493722604108862,0.02813832486552581,0.0456904031920482,0.001026100859184531,0.006457503258389563,0.0019745481081951954,-0.004873030612073559,0.0009883407542716771,0.006473927602366425,-0.014928062052745772,-0.03614944763120931,-0.02005177353504428,-0.019412033288425112,0.042021685542850795
2018-07-31,0.03704647387357474,0.022843743026430996,0.03981032863398659,0.016490382901892975,0.027964108827631673,0.010706288903699734,0.017593391676229198,0.03714775672899795,0.034136338868009375,0.03291918809868455,0.02087229439788163,0.05114708358428466,0.015538495023645016,0.06554003835053668,0.01597426029657867,0.03958871832816402,-0.00029278093345597167,-0.014368293573924218,-0.005278266231594109,0.013438288433582635,0.016777068140825246,-0.005327282558552526,0.02573260266394861,-0.022418909632539674,-0.03564356273597147,-0.02432124250115708,0.006016312401198265
2018-08-31,0.03191980585584142,-0.017319920041488523,-0.04193222410847941,0.0431058183273374,0.057806658944338896,-0.0052963626629597416,0.058676060812768105,0.03731975926082565,0.036053017933222575,0.0305960396301328,0.06598979951631945,0.013595546922205992,-0.03475101323488927,0.04329269576466088,0.012880931821418473,0.003920196776991958,0.005680801312115014,0.013120310504215693,0.01014005452963107,0.00019907539376684547,0.007078419249180179,0.006446691623561263,-0.023191016238048645,-0.021381117106768266,-0.06570842304628133,0.0075361845738430855,0.025750478987743186
2018-09-30,0.005945744240034356,0.007108296655354618,-0.013457708486548925,-0.0232497568364608,-0.002816328968120785,0.03452416751776832,0.009186669549490212,0.010676137035207311,-0.001957298114787176,0.01243683658423178,-0.00019270577152696866,-0.022154753311427022,0.024459888847588873,0.02954210622351683,-0.006483474778701037,0.009872304466924664,-0.0061976631038247465,-0.028642901321824565,-0.012050640481446218,-0.0014072866446387389,0.005245112749828751,-0.009703967603321928,0.020310140126049037,-0.006607347245927042,0.0058608004352946885,0.03394711369150505,-0.026643612314612097
2018-10-31,-0.06910430851014981,-0.08597203948480403,-0.07658523754267088,-0.10987846526856582,-0.08595709340461488,-0.08949020359617965,-0.09857135500453951,-0.07568865756684162,-0.059077870846223624,-0.04049787611945743,-0.08004784891736938,-0.04713554523440455,-0.11328219861418476,-0.06778800784162065,0.019753199204310068,0.020025751582924967,-0.006440395123356368,-0.02930575583950268,-0.0030303551419463837,-0.02049273285736064,-0.01976824322964632,-0.015192038662032892,-0.025149249480263314,0.02119545356837582,-0.023306606372406113,-0.05620480957759966,-0.029251548823481355
2018-11-30,0.018549210590562693,0.005057218683722553,0.048335468680972715,0.017263116398401834,-0.0026500983122274002,0.00911723529273778,0.014169763946452418,0.009218439027347536,-0.005928457114567132,0.032340602525673834,-0.01962470055078347,0.02625596001703112,-0.015634386746701256,0.080834745217361,0.03538803972801796,0.022722937347871452,0.007715295779059161,0.017872754177131744,0.013300791216824148,-0.003584852030374841,-0.0039907375808017065,0.004791056929471349,-0.004884875458628257,0.003386881324189961,-0.006711420851004624,-0.09846689760131166,0.04673139585267028
2018-12-31,-0.08804835366248476,-0.05677610080868967,-0.03344979795079106,-0.11972114875325157,-0.08660701626365153,-0.07691041061974768,-0.07514475464457027,-0.08471117530453398,-0.1105228266485786,-0.06688086634311508,-0.08376505104085985,-0.11128967013930002,-0.12439181284616718,-0.0935364233329099,-0.03994451021884493,-0.089145372477338,0.019811901210525784,0.05853483946821991,0.02804220697307036,0.018595051117650474,-0.020888096113023447,0.005313429710529727,0.019073708151051694,0.04942010593064916,0.09009014943189086,-0.04001262738136546,-0.07951886791343898
2019-01-31,0.08006574333997762,0.07466339282939072,0.09658772794121395,0.11321838435036735,0.09010750925576372,0.07082273801205985,0.06455160629681989,0.0824647846514377,0.09838758927973368,0.05648871448407977,0.069377499109879,0.08900093652410002,0.11211856515799612,0.04808692822462146,0.03476959384903311,0.051398299346473664,0.009108674050016141,0.0037854747472072514,0.006526174460848688,0.03368165472316931,0.04944558153494705,0.014244959391757739,0.04783047596562495,0.028865979381443196,0.0365013578692972,0.07108351912530853,0.11854635356739851
2019-02-28,0.0324157804796128,0.023325404339978206,-0.00382942839550815,0.051791545220713386,0.029911736326896143,0.001473849556234974,0.03392678267621063,0.043567326912869575,0.018944176616302544,0.038294465234390174,0.06910072856611893,0.022359263674941454,0.023047704945000858,0.010808073525491402,0.04108854895599978,0.01779341995159678,-0.0011375748691657694,-0.013763723353178325,-0.005255056345550013,-0.002038379440344129,0.012145325505805937,-0.0017105480691274044,0.003983667409498626,-0.006092201492829408,-0.02790698145987447,0.028350522490983465,0.006953660490188529
2019-03-31,0.01810044446028991,0.006017241734259882,0.023148590450126072,-0.02093331074017113,0.039246089424636255,0.00662268507116881,0.021171376947362708,0.02532609409558173,-0.009521429418238747,0.027137548986477578,0.047686505328395024,-0.02559403298570806,0.021280926125602395,0.004819312527159836,0.027914611919188204,0.038230110201590506,0.02122554389836573,0.05571649665224365,0.026551527994112423,0.029290012660650344,0.012908825589769135,0.019750905920803197,0.015060797436883266,-0.01596899557748621,-0.030758701691393164,-0.0037594533170746125,0.04216436743185037
2019-04-30,0.040852124750259344,0.028382905974210226,0.021411751717211658,0.033967004265291756,0.05499266104047096,0.012792301080425394,0.022552847514563767,0.037944697740331046,0.03418501248755468,0.021768831899287466,0.06364884136724647,0.08984837831552284,-0.0001512678648022403,-0.0271385409985484,0.009283021871407282,0.028515348756893433,-0.002003149537024629,-0.019910940740826333,-0.005185436855418724,0.004363935857760293,0.009862283068129862,0.00221106190388487,0.0017700070100250542,-0.006638842503124187,-0.011283486880723781,0.01194969703094606,-0.001610812345973045
2019-05-31,-0.06377101397676821,-0.05210585220332431,-0.0638103991296195,-0.07852680882762586,-0.08225182323552127,-0.04871886629082556,-0.021968383965420446,-0.06582536094075253,-0.09601652857327325,-0.016145373548978825,-0.08664750855840297,-0.07173454501456333,-0.11102696383160426,-0.022182742198044614,-0.007835281016734585,-0.036389035900413425,0.019108191423860665,0.06839224490341866,0.030485799320749907,0.016505435768110033,-0.01933658786746595,0.017522272638355263,0.004928725502803655,0.017574298155486723,-0.026390929183494283,-0.059664360763214686,0.00138297308587787
2019-06-30,0.06958616521036953,0.058593485456297056,0.05371853646120006,0.06984907698691378,0.07590070737476196,0.044702291807414474,0.06120808766495922,0.07072996466458026,0.0956978482265558,0.0498352290862738,0.08938354202524734,0.06653699103990807,0.0939515776748796,0.06594008866086454,0.03186315567877962,0.0521955249336401,0.010986149976676352,0.009501222258688768,0.012171553412721359,0.03246756876500889,0.03154516579492217,0.007493337542382461,0.03526423622049979,0.08002914919848991,0.04981687356625719,0.03965630203945736,0.015542773152279699
2019-07-31,0.01512000746519293,-0.02037901921537455,-0.01810489779828106,0.006816832908571602,0.023347839384029845,-0.004214088350497414,0.0179595738063818,0.01377505486820585,0.016011490494336034,0.016685692718865663,0.03498169396693851,0.02355080896079409,-0.0158531393671979,-0.016191730687496575,-0.0013417660738461734,0.02342015152958843,0.0018177843902997814,0.002565077032187224,0.00038251339328021494,0.0025401220887519838,0.001566932459642123,0.003151292654504978,0.007337355762588427,7.514839229982861e-05,0.061409638459602345,-0.01144312791477875,0.01704819678673042
2019-08-31,-0.01674338607516379,-0.018844940375231323,-0.03256669250958766,-0.04931015149917772,-0.018995267906260715,-0.007911498138032158,0.0026505341617208966,-0.017793540158764,-0.045217470768543544,0.015933681445059467,-0.01535191010227055,-0.047079821325482274,-0.08325352250996443,-0.005924853100640504,0.05088191017063659,0.021706240911726793,0.027828485988005802,0.11049169753076704,0.03951638930414325,0.038860108087666045,0.006897184584210292,0.023310358019973165,0.01552123555699203,0.0791231345612986,0.12754763810110092,-0.04630221221187247,0.03746238662199741
2019-09-30,0.019457290241543967,0.031523382854574455,0.009108848630696054,0.0203704156161435,0.009178776574740422,0.052299741618965,-0.011383623180200253,0.018515536079840578,0.04854974178177707,0.009837123890194421,0.015728155399093113,0.045421565024977184,0.03934282745155948,-0.0010559267684007168,0.04251626232482275,0.017512536750829977,-0.0061213440519134465,-0.026799458038411994,-0.011860275483271288,-0.0075589406996001696,0.004389827954546677,-0.011063474396924788,-0.010968074469680067,-0.0339478600543478,-0.07172009152159597,0.01416046686950545,0.01927070728493141
2019-10-31,0.022105103896905787,0.03213260356277314,0.03949340641562604,0.027157617571612613,0.04380071067428326,0.034190790839731644,0.006456763971430357,0.02207804374858302,0.028400389269499282,-0.0023401373223147504,0.03899178885554089,0.025000163580889634,-0.020945746765865136,0.05125953002245187,-0.00756873912513123,-0.00423304783726508,0.002080856876057968,-0.0111317671690081,0.001878569484804471,0.004451531550488941,-0.0001155752502216556,-0.0002928806436612863,0.005755081522330396,0.02563546974700759,0.06281407005073292,0.0192819991731219,0.011259920796186984
2019-11-30,0.03619817492358646,0.013443555886059722,0.005018413894328777,0.04065608712970614,0.04069406630042782,0.01278129565170949,0.0329116028715406,0.04457808665037466,0.036980074411269825,0.013916965252089408,0.053663429166051824,0.05052270774628842,0.016045459383183358,0.05002619327993352,-0.018676995966023013,0.013734440252437752,-0.00034530170104674074,-0.004071355777561125,-0.006871944753936043,0.004750125832649443,0.005679569900526316,0.0029299896356209665,-0.009496884244541648,-0.03208588289288572,-0.05910165457984051,-0.0013046746082253646,-0.01304348908251296
2019-12-31,0.029055456890648257,0.03566681229708424,0.07068820438961265,0.02786504096641873,0.03886383338059041,0.008695376799166876,0.016965678253141103,0.028359728149201846,0.03266386519530906,0.01773279075154255,0.04320605494349383,0.02609235742283178,0.060262289061020935,0.03475302637193467,0.03290521224054843,0.02412721037550347,-0.00046776096705480885,-0.03197547331637762,-0.009280501021416199,0.005273600114571897,0.019112921343433342,0.003466746162239298,0.029459289805684685,0.03655877893383952,0.04773870761555665,0.05849153628454773,0.007690133386012432
2020-01-31,-0.0004040133235169163,-0.029959157982448303,-0.0553181407058988,-0.031025552814354262,0.030384368170333076,-0.02515188943747404,0.037432131277688185,-0.006831475889294336,-0.03778048656835087,0.023475690736479482,0.03992585457888431,-0.02664080166187044,-0.10992666216442037,-0.026703522735183283,0.06747147509440898,0.003175725450832445,0.020290054559325865,0.07691199957130701,0.0346575268866649,0.02446032959356592,-0.004662294665475297,0.02136057430653815,0.012395434759975288,0.04499655849690343,0.008393248626320293,-0.08589335493365158,0.012285914644796447
2020-02-29,-0.07916557768712573,-0.07650897400424483,-0.0354679015452849,-0.08845685764022615,-0.06057454224975212,-0.08294372927785099,-0.0718562052220969,-0.0833420062810023,-0.09636295647295978,-0.08742910968012574,-0.07300959674793706,-0.11248321386705473,-0.1528820015708091,-0.06586654984637541,-0.09857925025816061,-0.0821460846600699,0.015846968855607102,0.06626513043702276,0.029617870101938726,0.01091381280323045,-0.012895087059136778,0.009223866909840117,-0.012537709751473058,-0.006361728631845698,-0.07669441053854364,-0.06652951838914245,-0.0702652294363697
2020-03-31,-0.12487131818980579,-0.15152845795993908,-0.17046775642319278,-0.21477086185237138,-0.0728584861429985,-0.06740916564965838,-0.11533481686225189,-0.11389997631101767,-0.18320384167894022,-0.11301082331518097,-0.08577964947357875,-0.21035925849755832,-0.3437093368294849,-0.0388736157436681,-0.09995621757072726,-0.05532094905763685,-0.005268262686488279,0.06376642150874434,0.037225986128855304,-0.06311847683875649,-0.1002800610016682,-0.01757929886539822,-0.14971493828092042,-0.002224031676743232,-0.15969089406815185,-0.17340193461940212,-0.19391850695391977
2020-04-30,0.1269835228425722,0.07018545715002888,0.07809209978913878,0.13847632062299597,0.1497377180997539,0.04798525918348928,0.11701732790426544,0.12277929365181217,0.11079364868034469,0.09368633737043486,0.13736488552901327,0.09462076623598659,0.30763919590040745,0.12587531563902332,0.03338729108620675,0.0695796578975112,0.01719034855091439,0.012189557988861788,0.0027527229901651573,0.04845796361496202,0.04883595199471369,0.030286304478063464,0.04392823919703548,0.07261060302877431,0.07126431708113978,-0.031111108946165755,0.08962093797688575
2020-05-31,0.04764523067108284,0.0557734493682005,0.032900432298443194,0.06591962700698217,0.06600875944186302,0.07051772441556259,0.05868504251771167,0.05615993443458511,0.034581340868280686,0.043169253414090614,0.07176465635052587,0.0272046283324876,0.020000141347354727,0.03288860331886423,0.042438332192894945,0.01664940246200297,0.006726156837704833,-0.017618439951325948,0.0032744830661231017,0.02460188756793591,0.029465337674796643,0.006511793039667202,0.0627142460984198,0.02588161543682088,0.19170246015237513,0.08073383573198911,0.017343536737046916
2020-06-30,0.01773431194013675,0.034978739313630935,0.06477188896310548,0.03429949468871585,0.06286690006723084,-0.000977713201297803,0.043244212985303676,0.0018743337777671343,0.0038167811920815087,-0.01111037305408058,0.06949027339202352,-0.005228155446516003,-0.010955604489881532,-0.024425434289294112,-0.046722599553351674,-0.002246024474010344,0.006590542922330078,0.003365530299434205,0.0004274415749414562,0.021276212379650827,-0.005834849632020966,0.00985229063392068,0.02976500842473362,0.02737702630176453,0.021008426451101903,0.044991602732342706,0.024248877188268514
2020-07-31,0.05889239603691676,0.02629549850752988,0.08583708401668644,0.029194015443463783,0.07346500727199712,-0.010742788386637447,0.07015274692865692,0.04952030224713089,0.0105145128897568,0.04568708904192498,0.05684768650071148,0.03846165084723285,-0.048084328535631826,0.05456189351106788,0.07797256055156576,0.06923597288017902,0.013332187494964565,0.044351750974841675,0.008540971630368599,0.031000762716564267,0.05060527668553649,0.023251782473153515,0.03857121179169587,0.10790463097013703,0.3315696245595634,0.051177936762106135,0.036419396972897866
2020-08-31,0.06979659102182278,0.05174576252579799,0.02743532028604423,0.05476379724688174,0.10944730650695655,0.06791818654492854,0.09479956951235224,0.06864033070079079,0.03847215812197269,0.02728694702070955,0.11880825626285185,0.04286303551645587,-0.01054703381166422,0.025869222227788535,-0.02597400168908015,0.0459331487954906,-0.008236143258765538,-0.05046560976951242,-0.009698565656352076,-0.01778253346441394,-0.0002232040867239382,0.008898948885958546,0.007254071138267815,-0.0032356731296194763,0.15805739443709332,0.046367895870514486,0.004423034963316308
2020-09-30,-0.03744367254176095,-0.017997377502625755,-0.011958259068378219,-0.03261297202168312,-0.057786304258433674,0.018097252454817303,-0.038024905077438054,-0.03151047447547939,-0.020905880540132094,-0.01665149988237724,-0.05335096517680771,-0.03422219782641822,-0.14606624949425895,-0.021804595925734138,0.010813421746793006,-0.01674782458413293,-0.0009729986759461351,0.007734426076398515,0.0032778560202595397,-0.004397310222142847,-0.009316788022543432,-0.0037803430278202654,-0.02081240215892899,-0.0417140433776253,-0.17499047779993038,-0.03545053312800128,-0.026643228781152772
2020-10-31,-0.024933631722291794,-0.035452354411274256,0.01318249097408919,0.02203056636171863,-0.030449351482719322,-0.014051124259662484,-0.04185876434864677,-0.025930222724959928,-0.010707382995285286,-0.03248067650044906,-0.05004286392413049,-0.008724482584341664,-0.04106858195021035,-0.03621534905945123,0.05052213164147523,-0.02870524580055167,-0.005582995985451977,-0.03385237855687406,-0.013808366287614615,-0.0051039356336193276,0.004033543749598412,-0.006765400595519999,-0.004560648270419021,-0.0051942084141127776,0.01617377039470491,-0.03139361968173937,-0.030015090668862765
2020-11-30,0.10877699553472864,0.14296583193032109,0.08559690383797736,0.1824417808795502,0.11225807524395925,0.10559739070734064,0.10628055698813821,0.11291466001148831,0.16426917880569913,0.0809276330025992,0.11383717243402547,0.1684825946582742,0.27994445369579735,0.07948058151449544,0.007373887084777708,0.0746867210184039,0.01206745509115259,0.016638789691541644,0.003384316587753844,0.03771526684413384,0.033512678925852635,0.012072651245538246,0.04219908256547522,-0.05408625961608993,-0.04274672777815214,0.10197633273386697,0.09674892775689936
2020-12-31,0.037048460296803754,0.056300464112154947,0.05999379390238113,0.08646467576230754,0.04902448276272309,0.053352146069297834,0.03437067452921427,0.03705863604986015,0.029002323555641807,0.02307840185553478,0.05541674196944624,0.06306063343286761,0.044801328876977076,0.037978090567682976,0.006204329074811499,0.01651034408461638,0.0008574763056865553,-0.012276214485697157,-0.0023848222938671615,0.0015066203576681314,0.019579196163540313,0.010975967522316887,0.021554926646217165,0.07013861264675048,0.16722093042010067,0.0545193360105487,0.02734061862459347
2021-01-31,-0.010190570016076927,-0.007201979450950358,0.03133101447190989,0.048454610665489506,0.002613595614875841,-0.008436993486039324,0.01593389677289858,-0.028310915730371256,0.033022558483276176,-0.027253890621481536,-0.008383844659520356,-0.017978171793782804,0.03746702486324249,0.014016322507814039,-0.00877195298043143,-0.04981462757430799,-0.007445807409601546,-0.036327977483361695,-0.010921034925414408,-0.01831622137270761,-0.0037800186092147303,0.0026633896800427603,-0.01777249052725427,-0.03223816988295236,0.017094020411502875,0.033333345759677835,0.0003534189263760812
2021-02-28,0.027805565577667446,0.024322643468880578,0.01567326347222031,0.06202565017823036,-0.0013352228052331272,0.018360934202234835,-0.005858698781117777,0.031969613446037215,0.06905774055473768,-0.0037861181749340167,0.013651111563581786,0.11606199472787782,0.22456756694906121,-0.021038069192830577,-0.060981431073948156,-0.012326410279426159,-0.01518112782479053,-0.057329634016934805,-0.02363350090180316,-0.02263315453587933,-0.002446446175609518,-0.01687619027407039,-0.030470110071207257,-0.06256881416817583,-0.01320527918081249,0.10138249413179912,0.03425116574474729
2021-03-31,0.04539930027367478,0.027684743608550333,-0.007104123568032361,0.013950323036520995,0.01716780828714426,0.004397479943339722,-0.011940452729894413,0.04979651550392816,0.0724941805172199,0.05608356871757758,0.018366727752140433,0.058523998374142794,0.029709704811248683,0.04027334687442785,0.10552065603852778,0.0849820637053782,-0.011463482711749462,-0.05245198906940829,-0.023856704706710308,-0.014780268594416945,0.012155356849363086,-0.002622662283143007,-0.0072846867809470695,-0.011433105943016053,-0.07948090416060338,-0.007172632483278707,0.05152047926715242
2021-04-30,0.05291047952023398,0.030543657007402913,0.017867689779114793,0.017878092439502336,0.059098053780471504,-0.016053665708769205,0.0705580556971781,0.04803749556145376,0.017763080553619748,0.03989019993513376,0.05187828053639709,0.06490471808462095,0.00672666316849746,0.039318195051193605,0.0418487304881352,0.018591629358834405,0.007320263921782866,0.024950666978712954,0.010012286742096421,0.01043199803244943,0.00637616474362912,0.014296835790520879,0.02402952650295398,0.035633887903232075,0.0577092256349665,0.07826599455680228,0.0785978746316216
2021-05-31,0.006566174137703662,0.03576362098706354,0.016987466879867963,0.0027124661113078208,-0.012012175185866614,0.01720539508602248,-0.0105681006836843,0.010107238478251457,0.028480985131162484,0.008756145198061116,-0.009305131865160243,0.04771121211418605,0.057096513852176844,0.018709281422923718,-0.02338124277771314,0.01767764523527049,0.002038433009285523,2.160388687766357e-05,0.0042488725245044545,0.006226230899920138,0.0003903132744864646,0.010239533871343909,0.009639523066492517,0.07678377966625938,0.07871717499506481,0.038526085129183985,0.008074137105126944
2021-06-30,0.022427226661101196,-0.00921343907509009,0.013267765177520596,0.018689763169946083,0.06262147250622441,-0.00790234691619296,0.018594996884173876,0.03364732661378533,-0.015951409385297377,0.0171624455638284,0.06886324733851001,-0.030394176756501023,0.04233931899627086,0.022989488518201373,-0.022082827827441753,-0.005444454276416044,0.008278800599574199,0.04419103227713639,0.010225432268274659,0.02211442023775656,0.013246823279060793,0.007246692367420149,0.008592304559166264,-0.07147662098325525,-0.0648648776030799,0.034946127896527956,0.026375425286370602
2021-07-31,0.02441254366216694,0.005046383319192493,-0.05892086891287507,-0.036273205942698894,0.028609184965029844,-0.00636677970399413,0.00922557759972209,0.03379245626492011,-0.006948291888918545,0.03545708681556037,0.038872954475920984,-0.00463334938157034,-0.08316306664398598,0.04922572104925527,0.043333632267184674,0.022009670778333268,0.011165950239894196,0.03716667885996827,0.01990260024221624,0.014190278636423637,0.0010484907663959042,0.026758317654640873,0.0055748395827799335,0.025297363508325565,-0.02436004002124703,0.01298693017210617,0.04420857939749978
2021-08-31,0.02975981768808511,0.013132537174033843,0.02191362566311561,0.022031042345701746,0.04218661915736521,0.019222216612172494,0.04119306699950798,0.028319709767526735,0.007667746837693112,0.01876144414639458,0.03559331754690653,0.05147845583930066,-0.02004446025367934,0.02315547198281065,0.038957363051415284,0.010487838659462234,-0.0020035439510048825,-0.0034019331776687922,-0.003944365303550024,-0.003439933042178378,0.006087543769047077,-0.0016411121428728803,0.008987124981191252,-0.0007655451490135023,-0.06305543055591989,-0.01641015310777172,0.02154475502026454
2021-09-30,-0.04660552271729834,-0.03385560879885596,-0.033619955446544836,-0.028803305303677806,-0.056831291829202324,0.027046865274299225,-0.03467263356427708,-0.0645484975082583,-0.035215421963761706,-0.04987033479160419,-0.058399654961521885,-0.018424923198898657,0.08931499072500415,-0.05518396798343561,-0.060932480493611996,-0.0413914397779227,-0.009172235785320448,-0.02907012286474031,-0.01597064882007948,-0.015074185531979145,-0.003701002833456868,-0.007801213279192143,-0.026379651600672238,-0.03223525924924131,-0.07317068548078631,0.05213753826869394,-0.056814731638481275
2021-10-31,0.07016375410822606,0.032283696392297,0.01299727393275063,0.042514169470141194,0.07863985421562458,-0.02633459697778806,0.08587689989743108,0.07712756135826426,0.024826312456872834,0.055102143305412854,0.08177097201052042,0.07274197060783827,0.10328267073851682,0.051217674099393484,0.04743252624242822,0.03500888489233778,-8.742254270122096e-05,0.02465048039463813,-0.004429201806494643,0.005309909148219827,-0.003107930698139083,0.011095382228097694,0.0015952044554676803,0.014797178527087285,0.0765107046686353,0.05797826545533469,0.07133049397298907
2021-11-30,-0.00803491038316273,-0.04643138220901044,-0.029016940780335232,-0.043323675915294624,0.01996854654669833,-0.030263163484101963,-0.03949003748815272,-0.006061175068737379,-0.00949652536910306,-0.02050305214167225,0.04451145997913386,-0.057128717317472155,-0.05011323889482089,-0.030563619433641942,-0.01703792469331522,-0.013473639473985277,0.0027083294267551405,0.02771465956402941,0.010920952719073895,-0.00118593289215152,-0.011690138077389278,0.008650402920303613,-0.01882543512555157,-0.006900653696985448,-0.0466274639896207,-0.08758777782021476,-0.0210933469482677
2021-12-31,0.046247814395034226,0.04328581164583367,0.015402197387455407,0.02271506110676058,0.011523374198464387,0.022770210848193306,-0.004839750843303237,0.03504127235988297,0.0783858152511685,0.06842873721464038,0.03247365918901135,0.033642856793341336,0.029834054715405012,0.09019843903341473,0.09689307887488186,0.10454671119831738,-0.0035871149225088494,-0.020138154356016957,-0.005240492396656582,-0.00034148671491018856,0.022841625930520193,0.004029369943684857,0.021628816297555753,0.032990977123064535,0.02136755813632285,0.06673513500253692,0.09705618118664794
2022-01-31,-0.05274126428452375,-0.03858230252037298,0.0042459129918630545,-0.09534744285363417,-0.0874702508662456,-0.04301068970345345,-0.09030938236614161,-0.06952463957985078,-0.01973146798637271,-0.05982693698148811,-0.06844192830812945,0.00025615972079329197,0.18774767604785336,-0.06856409320698298,-0.03255111169408309,-0.01478389986300399,-0.01998602499019686,-0.03913878874166177,-0.02113058230303211,-0.03591925411354546,-0.02654900369182811,-0.02058808399024703,-0.03374324932208639,-0.016787612677039987,-0.03300794905933846,0.07892195453178452,-0.08421686207181944
2022-02-28,-0.029517208095069525,-0.026481748287446205,-0.03724588715110122,0.010335724614534803,-0.044759668247676854,-0.017790255516785813,-0.026783380794458522,-0.04105149766416738,-0.021526417537800824,-0.03063399735563288,-0.04877438395546563,-0.013824770411884568,0.07069171632779336,-0.009677622156147092,-0.019061306138733802,-0.014084685833363753,-0.011456477176811086,-0.01632990004253121,-0.003040918251918323,-0.02131463159052005,-0.008590528014531085,0.00855652692608988,-0.05530143908590657,0.061217257237826006,0.08750008023702471,0.06467447570015405,-0.03482676523974104
2022-03-31,0.03759056172422759,0.006754358274102534,-0.03255288831409975,0.011575462215434484,0.04667878430607875,-0.021131306224795532,0.04773208956400543,0.039584182305795856,0.0028705185701167757,0.055811293253752225,0.033449968820115084,-0.0012998073751164796,0.09338622709245614,0.0573816900471793,0.10345272039580533,0.01781322001055785,-0.028121709638074255,-0.054443839593540155,-0.0406091619142126,-0.028937378364974786,-0.012871413009916455,-0.01875517169377583,-0.010966399306474028,0.0127255799503041,0.011494178244337183,0.09174683210457268,0.06263900557786761
2022-04-30,-0.08776914284522808,-0.06787423295919703,-0.05831344733902255,-0.09899140817588281,-0.13595738617650954,-0.08099337843545429,-0.12681997730838424,-0.08281955258872331,-0.05747326402858577,-0.053371185417066425,-0.11017416213743447,-0.09942596501329581,-0.016876280346170947,-0.04890865260519006,-0.04297651036118966,0.02305970368138044,-0.03805873824138006,-0.0942388902849568,-0.04228269702722254,-0.06699271053321909,-0.0418033276074129,-0.021830340445909813,-0.06671994835180561,-0.020702963524693363,-0.08041950667526199,0.0564084373940954,-0.040878290834957864
2022-05-31,0.0022573621410670874,0.01652884389993936,0.004604183426062836,0.0019462062273039038,-0.015865977604651915,0.017308407383394897,-0.005989280663470931,-0.0017006594262662933,0.039062401619049725,0.00040856555347557055,-0.006858926095900331,0.02781833361534347,0.16034627728208606,0.01488994529703258,0.04308192969042923,-0.0408291493715659,0.0076055494151785474,-0.02253296095831059,0.006184021725714084,0.01863891020761499,0.01629989542685273,-0.009922341265523493,0.008109037038263933,-0.03261547766106776,-0.05703425431193121,0.04613135464036233,-0.04685402901874369
2022-06-30,-0.08246041097082257,-0.09170064555112167,-0.038502261594734466,-0.08366332950074673,-0.08907879572498456,-0.07390236294729935,-0.06389982790932769,-0.09049339671242096,-0.11005565770305104,-0.04131852085862431,-0.09255733957803447,-0.10860898265123342,-0.1707347581468961,-0.02608045976657214,-0.04895433944260663,-0.023472704429149505,-0.015530110811360687,-0.012745648460828374,-0.008634419918475245,-0.03622795409679591,-0.07049889852094715,-0.031155300393735152,-0.06154090878236451,-0.01565965107712486,-0.06048390895717448,-0.0750000589863048,-0.07448897941369026
2022-07-31,0.09208741594072722,0.052941521097799926,-0.007923512528474785,0.10563271177738498,0.12551735559738186,0.06284310720334285,0.05169757554855359,0.09209708747434031,0.05855045962951677,0.051274841568780705,0.13451848321394366,0.07186015147913882,0.09662981201682408,0.03243894701610173,0.05447022803939472,0.03200369822070437,0.025380803173520317,0.024310030853605058,0.029614870560409123,0.04444430802726429,0.066988505774086,0.043098413137472535,0.036029005115266965,-0.0258815174913124,0.003218957899984609,-0.019894770482679403,0.08615964909550367
2022-08-31,-0.040801991463419784,-0.05819361282221869,-0.00459799849244924,-0.020026597356493925,-0.0513219292303424,-0.045592261100885656,-0.019941279675054102,-0.051385111874584166,-0.035691781656600474,-0.03156744189124505,-0.06212720163669405,-0.01957868558048992,0.026523872581263985,-0.05770382971742327,0.005273811247374471,-0.018526247725056844,-0.03042282484867731,-0.04553084345883185,-0.03853854991724914,-0.044291410470815196,-0.043088574986381634,-0.027042146879480478,-0.027077419855007112,-0.02943328245830701,-0.11336902421067896,-0.01493687842411906,-0.06012530611233391
2022-09-30,-0.09244597599604887,-0.09860050702001655,-0.10082244887725023,-0.09660427835979957,-0.10535542340019677,-0.08844931664867517,-0.059549681317131564,-0.09757233173157309,-0.10603407077503113,-0.07074641161403628,-0.1196713268308578,-0.07655960015101426,-0.0955872861369752,-0.02538676953499175,-0.1128101000754379,-0.08132853660767414,-0.04144985604374163,-0.08235088972278626,-0.04734963235697287,-0.059798316441911026,-0.037403919242390726,-0.06732347952174778,-0.06575048458895838,-0.028881810636775418,0.05548854526703173,-0.07037323269417972,-0.1287130649472057
2022-10-31,0.08127559028328046,0.06078101547022219,-0.02850084298498523,0.11162964333081526,0.03999862328377146,0.023336832165175014,0.12547677410639668,0.08293231195060269,0.1309552843492463,0.07700477771945935,0.07652808213255269,0.11923582973037439,0.2496530012877154,0.09611080707865871,0.01938637337697302,0.09006427656348626,-0.012785162150283691,-0.05964425434034659,-0.014540378458850478,-0.007452999253095283,0.03365774329354898,0.014204202960533374,-0.0016322788457963089,-0.017844407703562548,0.006857190813337022,0.05060648740613494,0.035050636081801256
2022-11-30,0.0555916678121382,0.1254861074125062,0.14301830723487075,0.022036774230135947,0.05544173275313424,0.11622320496940919,0.03467870826985542,0.07711461757631066,0.05735571888331825,0.0571708058478797,0.06326747732553706,0.06856979916026429,0.012777797709375927,0.047231776021722016,0.06963187199308063,0.06117723915536799,0.038084642590677786,0.071510407026536,0.03612264319341896,0.0664771207532302,0.03431324135386982,0.018328799839569587,0.10076663408100339,0.0849186596373046,0.15947782815569034,0.014729292797607485,0.06146044508292192
2022-12-31,-0.05762825941067129,-0.021824647834599586,-0.022292514123133822,-0.0651412897691297,-0.09013719795096975,-0.02217818450042197,-0.03927018997343068,-0.05622915788966232,-0.06182021834386997,-0.03752218668907381,-0.08210284657427602,-0.05220452755934046,-0.030489524272335866,-0.01877721146412381,-0.004944333366708187,-0.027275596588214213,-0.008705031880247072,-0.026200349770907017,-0.014880397179341753,-0.015511642547872073,-0.01756954484909712,-0.013173806052566905,-0.013585238590739568,0.02930648566594085,0.07782673171008603,-0.027115187951924136,-0.05034342178974771
2023-01-31,0.06288728051745496,0.0903023192544028,0.0833762123600581,0.09818788337324125,0.10642977159350209,0.07770024734038272,-0.00548189503446006,0.07151633581581351,0.07175758006456001,0.015256551619393877,0.09257471297391939,0.0690056536512953,0.028124068019094395,-0.018328957780857635,-0.020000187620702436,-0.010865559248981027,0.03330233076888778,0.07643635225034129,0.03581074707759657,0.05159843937610198,0.03666978111432928,0.02076308250175929,0.03924766124174872,0.05759257431981046,-0.008628543601625016,0.008924982100713352,0.10402525258225004
2023-02-28,-0.025142502347726303,-0.034746438302812876,-0.06654065643939433,-0.017234258926451695,-0.003598071033553807,-0.04653157991715562,-0.040377770906010024,-0.02751612360408584,-0.0404380389425566,-0.03497253119797372,0.004119034232883623,-0.022975852671381136,-0.06938727942567835,-0.04641562540752797,-0.05919790366200661,-0.02318937658097331,-0.026656374882202183,-0.0485056177235883,-0.03270762956477069,-0.04169083696905884,-0.018851236203724864,-0.013529723697655816,-0.026917844319777062,-0.05367596391642193,-0.11956026658146068,-0.044632110101468614,-0.05864264935586028
2023-03-31,0.0370777763826069,0.02648538151973323,0.025602118878298885,-0.048473430245892124,0.09492728068810918,0.049159957731923054,0.00432912838191557,0.04800544013256669,-0.003352664337827105,0.03446316390992488,0.10857981419044482,-0.09547683643160199,5.3220246403640203e-05,0.021978114512755553,0.04906036237763245,0.0421931621347551,0.02641211412749822,0.04839348698539436,0.037210603086365035,0.038484769037322675,0.019843373661438513,0.028643381131623125,0.01672115306951616,0.07916128247166143,0.15088458009797745,-0.0008417372561951852,-0.02155483913460765
2023-04-30,0.015974923992380097,0.026344881289807942,-0.003960316264614572,-0.017937153346186396,0.005079093118352418,0.0025557481077047584,0.02394987537525295,0.017087201805389363,-0.010908279588387249,0.014847407712132998,-0.001191808921039983,0.0317260502406862,0.027767607677160466,0.03143817428959106,0.01905744334545334,0.03654107896176484,0.005755227483609016,0.003383541094128084,0.008147588863625543,0.006040349766751607,0.00202091800725257,0.0005176580427761479,0.002700401213189263,0.008623522653246951,0.039782962358924534,-0.007582200931766425,0.0031313470974310142
2023-05-31,0.004616004201455137,-0.03731668153887591,-0.029572787477247564,-0.008161905810693426,0.0788380528141881,0.008497631909097914,-0.04825471070005527,0.007211269147503918,-0.03668926658673022,-0.03224056181659196,0.08917328496924481,-0.042508165803024967,-0.10031708098925163,-0.04268698074085886,-0.05871278793537171,-0.0615961492144137,-0.011442963759686009,-0.03015294760359133,-0.014382893079699977,-0.017689287313423674,-0.012314547221521366,-0.0119605721659235,-0.011888361279750792,-0.013419890078922081,-0.06043475607167115,-0.064091620521748,-0.03961584497314141
2023-06-30,0.06479980224646376,0.04428995845575523,0.0474105343757123,0.0806729596460467,0.06303843667140407,0.05032231449244806,0.06876335164084857,0.06429090235932033,0.06977897980488734,0.04451098454759039,0.06053187989835673,0.06616036172370943,0.06913367737836884,0.04260614408664565,0.015961232535297576,0.027882042236874405,-0.003682124987552493,0.0021710035232012093,-0.012552947193548714,0.008100890928070204,0.01780178530578702,-0.0033985274915351305,0.025027489958930893,-0.02221370606110007,-0.03331796392260311,0.029478426456255757,0.05629457034342367
2023-07-31,0.03273332711323951,0.03139876400509989,0.058751316461094216,0.06108831635221579,0.03860109545441914,0.024555576068592266,0.017331022530329365,0.037814447637807946,0.037317367592212936,0.013857102349858819,0.025825297929870317,0.048056992031019874,0.07773818483514283,0.010698328955908165,0.024908208078297633,0.02130254622897798,-0.00015378626383866223,-0.025442477506341876,-0.006516726425246699,0.000537886869572235,0.011156424486183703,0.0004107544495575155,0.017240377534128326,0.02288664235862692,0.08616568678796277,0.08722470283873629,0.020344718139960305
2023-08-31,-0.01625200729296028,-0.0394708950549969,-0.058973992369979245,-0.05082770507427836,-0.0148300975994905,-0.02806684081586197,0.0030667801107804316,-0.004358123462603669,-0.02908834112385239,-0.006369301731134036,-0.015082719221495733,-0.026889154598959242,0.016460666456577178,-0.007006749652907485,-0.061279279268135034,-0.03947196364063721,-0.0063128071638771655,-0.031420781310144474,-0.007308975436310372,-0.0122906981156643,0.0018364096071545877,-0.008126180491916157,-0.018458589549857463,-0.012777635059315506,-0.013221733686558435,-0.0036467509820943267,-0.03377908410667696
2023-09-30,-0.04743444885542669,-0.03784769169465474,-0.02467724412838468,-0.05853615342138807,-0.05079874556046182,-0.02190124653851211,-0.04818801027467612,-0.050680611307429624,-0.03243635702410641,-0.028317564099429204,-0.06478337736281026,-0.03088231355558546,0.02403321401298708,-0.029591929368059655,-0.056424136500126565,-0.04787906614378046,-0.025896547881510523,-0.07951133525744591,-0.03138805731154681,-0.03557240049576371,-0.016135158418547846,-0.019168437058776466,-0.03328206025055025,-0.047605861131121974,-0.09155869999747845,0.015046835118443846,-0.07263747264566067
2023-10-31,-0.021708633908195663,-0.033851734280868406,-0.03238961769257853,-0.06914101706590547,-0.020654626671126164,-0.022060132455259507,-0.016249254754299725,-0.014796193351140463,-0.036045089227424665,-0.008703977086538028,0.0004880011060222067,-0.024419570494069287,-0.0575285391724043,-0.0326238830580734,0.012896620969530925,-0.01380590745537158,-0.01570618243914057,-0.05463204554877732,-0.01927754372135093,-0.024119133257495373,-0.010431738890414488,-0.007233153419853089,-0.011890173800161219,0.07372411557093361,0.031465063168498064,-0.018028860527933288,-0.036214811052481144
2023-11-30,0.09134380514453877,0.08806790207586013,0.07090150523560212,0.092025208339376,0.10818810754470287,0.0619063902186201,0.09226526292838844,0.08649145421142657,0.08233293945164544,0.06411136430451858,0.12895549656116145,0.109394340001983,-0.007160547137199824,0.054360082082022254,0.05143229768087765,0.04126142466750582,0.04592914610334553,0.09923897957908867,0.04554497535546953,0.07574448004221224,0.048876351680534835,0.027767948607473336,0.06237897352435007,0.02531372564947043,0.10247853505439575,-0.02447976477294167,0.12081747040568502
2023-12-31,0.04565535320088299,0.05588583518804202,0.03333144904397778,0.12126173715585797,0.05586957025631656,0.03881020144649261,0.04756020204539535,0.04689000442669622,0.07575559900969853,0.027670701834108247,0.041826981198576973,0.05253891962193591,0.0007717874591681717,0.043260931606990516,0.01858830948484247,0.02711640433266216,0.03697645578959996,0.08685756097443598,0.037722625724704306,0.04875262799075086,0.03192565468699926,0.024358258816039813,0.04548370520643963,0.012821182352028115,-0.058365694902876575,-0.03291286635868107,0.09445322185760618
2024-01-31,0.01592656463792297,-0.010856083107816938,-0.035523239687760055,-0.039011593974779823,0.01819227257282985,0.03227314468046383,0.05583526896642299,0.022835405760203376,-0.008501172831266834,0.02165839476437248,0.027015723226186505,0.030851099245990277,-0.005128633911043012,0.029329854834940994,-0.029685749029087716,0.012355829067029145,-0.0015112242925460206,-0.022451450110121618,0.0007262559422900328,-0.004427831163645313,0.0011627826707698574,0.0033489913880699884,-0.012126557779794656,-0.014228180398366375,-0.03994494085424172,0.013157883578200247,-0.05058840469479042
2024-02-29,0.05218669346627158,0.02743768983778705,0.034813300233288436,0.056252548602544916,0.05283343664022566,0.04395128144333338,0.09996987096292487,0.06498338199390763,0.025224231069040037,0.02094841886201082,0.0470456709562328,0.040763598087653063,0.03272985382002136,0.031628561370887986,0.01057764585932608,0.020981989560679537,-0.014746068687212843,-0.022521962192832423,-0.020826496491477164,-0.019320294034641083,0.0030353224587864602,-0.010477537961577355,0.007841128422486632,0.004563548019519192,-0.008608336034878539,-0.015226185311103313,0.019787894336108502
2024-03-31,0.03270186689800014,0.036584360903618496,0.019235743331827315,0.03486987704359579,0.012749668457529673,0.0322625449245717,0.029101599342075346,0.027729700505720878,0.060157800674087714,0.031375479858107846,0.007894204512864933,0.04805617585652344,0.10486376158346111,0.02377746612917675,0.06590010139557756,0.033205840992306834,0.009024931032382222,0.007828765276242766,0.00733179988499133,0.015409994821051987,0.010898736703528922,0.00646566582127428,0.019973953999024685,0.08668323846462611,0.09744334309549907,0.04456566281223617,0.019510285256257198
2024-04-30,-0.04031941946595563,-0.03408412361332658,0.009576080998444203,-0.06847372161677723,-0.04373783854641311,-0.0571829774731194,-0.054657115767419384,-0.044964922443809785,-0.06795317847946736,-0.03744905222581485,-0.05761743515882223,-0.041785465146307654,-0.009427138719101391,-0.05009156172837259,0.016603017905267414,-0.01126229621141106,-0.024782128919801916,-0.06455443128190486,-0.03129737028783486,-0.03243036534798016,-0.013512773843666559,-0.016908291993213864,-0.024119541822508972,0.02989497307015121,0.057142823607057025,0.016107970298457452,-0.07944041297929472
2024-05-31,0.05057959306086279,0.046636411325026605,0.021579547226854512,0.05038293807341576,0.06151821713194172,0.025271502456995387,0.053582581223520886,0.055937805331680135,0.031302785410551204,0.02921071499755845,0.07076972036472395,0.03171471107755508,-0.0034217369743966275,0.02401474314653318,0.08960174598744519,0.02437071486790998,0.016695587881757623,0.02886950748191075,0.018001386283480025,0.022137075059110778,0.016339581968330297,0.017770383321345617,0.026051406392826326,0.016189210429127243,0.15426200039558657,-0.0029990763859105707,0.04559731442079196
2024-06-30,0.03528025129150136,-0.01654155724830919,0.019700271468386044,-0.011243838765277792,0.06470134468258015,-0.0032677622728986,0.04540088276374332,0.03239806436212911,-0.0005462880393555247,0.017687689147300123,0.07835414263954976,-0.008819026301951416,-0.014141649142902724,0.018240224215271272,-0.05542657196000289,-0.002351060416240891,0.008855054501248238,0.01817152487708995,0.012169698168514431,0.005963398989185409,0.00479309140163342,0.007615312625474768,-0.0023338404965974613,-0.0013469974027457976,-0.04286745404344505,-0.001719002334276798,0.018755826489921468
2024-07-31,0.012109031554593752,0.030149662527111154,0.012111405062295244,0.10335641896101255,-0.0167811802453115,0.04000588054583143,-0.020013336812778726,0.0059733089622109325,0.03991876907796832,0.03668432303289837,-0.03284273762985057,0.06397458741338458,0.022600126810755627,0.026620908402003485,0.06824194256244498,0.01658398998058863,0.024191493702001132,0.03629927257981236,0.028972433377429718,0.02638071958218724,0.023522593955484172,0.017274413600912863,0.02668601738775589,0.053671963349382734,-0.006774569335461611,-0.027980972498845347,0.07939372577627002
2024-08-31,0.023365661279203698,0.02907092731797878,0.009708781170725045,-0.01688547367818294,0.01103866796803632,0.01409040274148654,0.03351310799010121,0.03492821759050502,0.004089603342543491,0.049172574359758414,0.006992645116915108,0.045724939067068426,-0.020705968751606796,0.05059137310406192,0.048083499206651226,0.05985867284814428,0.01461445453546184,0.021112194024391018,0.0134576337471215,0.01870526027213426,0.015474097560537858,0.007990251228570333,0.022662703962335273,0.02092249026936499,-0.0015156881054874116,-0.020814967064192058,0.05220636727603134
2024-09-30,0.02100453289110016,0.010785506580931692,0.0731550333901052,0.00710538332454469,0.026215968834937264,-0.005974590593831208,0.02954059118427721,0.011617168154230972,0.01726702184845985,0.0043704813940030895,0.026485325798156323,-0.005589005693091176,-0.03018104152286416,-0.016574513259610568,0.06602956118139991,0.01128421589615547,0.013328334162681976,0.01999434633916941,0.013824932383706301,0.019629034429530456,0.016970622780695832,0.014975965657812118,0.020145831466352737,0.050888514912532656,0.07817834672181068,0.007236571314352291,0.0326966293773272
2024-10-31,-0.008923565233342035,-0.05131599854132973,-0.02675042133709349,-0.014170025141182263,-0.00864625602013569,-0.048504477008718405,-0.001726100329810687,-0.016062420533053734,-0.013022687160116453,-0.014456252734637243,-0.015591760366553964,0.02559568499089626,0.008997690901642041,-0.04642277136215922,-0.0107698504944721,-0.034698699405165456,-0.02518751309752132,-0.05454869071621882,-0.033873631363096846,-0.031793701844836986,-0.009635905930308497,-0.018468892742392162,-0.024411286763168172,0.04299348742370923,0.04927840992782695,0.014369065928183655,-0.03356575559995456
2024-11-30,0.05963358734922419,0.003992033074945889,-0.021472862368687395,0.11071817812373541,0.05350828541719266,0.023799144000815176,0.0697098897371975,0.05027771870446762,0.06457890457027404,0.050672377087811915,0.0517008781378856,0.10456115540355171,0.07833839301005852,0.003676802256925349,0.037792475604972564,0.03869207513505479,0.011109764253124599,0.019872385567873962,0.010209363922536685,0.017908848337232497,0.016445453142408972,0.004980663208005609,0.018254499474640085,-0.031241364603207922,-0.06340152376747754,-0.019920335207353812,0.042591583838883285
2024-12-31,-0.024060105720770997,-0.03505984105411841,-0.010242674579155064,-0.08373892786383941,0.004540339984500763,-0.022124738122594412,-0.04101750350694089,-0.03603972355232654,-0.0718407741024949,-0.056600336039191124,-0.003546779583166959,-0.05461406414701164,-0.09579566860985256,-0.06252718547875236,-0.07974103434460666,-0.04822802513063229,-0.016933923941163886,-0.06381044880525188,-0.02258395446399475,-0.026757842905748452,-0.0078027038182986175,-0.01714405524821916,-0.022281733625224454,-0.014088486936242095,-0.05694842937833344,0.01722728461039935,-0.08372180212809643
2025-01-31,0.02685621625870538,0.04433295116436131,0.00817449863381059,0.02498186348891207,0.021633842380349266,0.018032736201863298,0.059008360709606134,0.029649673297844403,0.041568019137794066,0.035589457979187555,-0.007354307703953955,0.06496982971059007,0.023114458918477965,0.06760187024092912,0.02893366180991963,0.0047068869002577784,0.005160161966750065,0.004924114696151838,0.00616530754177802,0.005802992973396259,0.01360454802826605,0.013702526837029216,0.01695856505325377,0.06785607873643396,0.08279530237343558,0.02759587731841817,0.016501997860755457
2025-02-28,-0.012694834127274901,0.022627134732819743,0.007432363739556136,-0.052234280928807775,-0.027034575769207647,0.0023422847397340796,-0.0031945063948539687,-0.009762259089513892,0.010545461657590849,0.0284937034456616,-0.022875974362412177,0.013794556803693236,0.03833878832977877,0.014026175527774187,0.017206034074794374,0.0519118220153556,0.0223734512573166,0.05697094954623805,0.027997227913516554,0.023713434750048945,0.009702614608884108,0.0215720070248282,0.021318690367583715,0.018216241876358952,-0.0070151091313160885,0.001365542193477065,0.03699612720593359
2025-03-31,-0.05571911592986334,-9.739092951355222e-05,0.012878386743329528,-0.06854090198147633,-0.07586179971917273,0.0013144781847895803,-0.07223085678750962,-0.05668943903687129,-0.03452223442420577,-0.006158622836711314,-0.08286020982935383,-0.041952449390585955,0.03493219732975206,-0.015813570383348408,0.0023938984964693155,-0.011764518371973898,-0.0002626870626136757,-0.0120469657893445,0.0034194177773969603,-0.0046247240203454165,-0.010858238239298323,0.006797081441119346,-0.01150116377508692,0.09446585889998316,0.09466620825619887,0.022727313461619714,-0.02587789389448991
2025-04-30,-0.008670179898342067,0.04013377149583808,-0.00022092382546501366,-0.023209287549757818,0.01396816831042802,0.0418610968094526,0.03710484894365118,-0.008894767315566932,-0.03834977826503505,-0.011958114207697879,0.016902440583338008,-0.021080148206352844,-0.13857672663827636,-0.03794252378886798,0.000634188102400346,0.001959182795748582,0.004310685572938677,-0.013604701919412654,0.010560977207203504,-0.0027062198506691004,0.00117207488108928,0.001259365405000823,-0.0025500455266256328,0.05424437277239913,-0.044853159080816773,-0.0857778632599584,-0.024409104975535723
2025-05-31,0.06284486771162645,0.05125793930288225,0.03867402548897769,0.05239669838825489,0.09178299415245861,0.037659362161511334,0.1045173957311274,0.04540366613475877,0.043194140792642166,0.010481949786192324,0.09972854181597657,0.04511890199385715,0.012795057618598227,-0.05574148113021571,0.03827638804937661,0.012220374521557664,-0.006069149144445785,-0.03210596249754738,-0.012395762511105968,0.0020639079823834283,0.017532100730903277,-0.006318945906695017,0.011635136327412532,-0.0005595776946504261,0.01351350045186761,0.01507046323581207,0.011207950875338879
2025-06-30,0.05138627117156358,0.033886463364455555,0.055387102350506145,0.055184333729461965,0.06385819497788847,0.01965548511497106,0.040047411358304696,0.034783363207828044,0.06529801301320504,0.0073699233107316076,0.0984785067091436,0.031190719648079845,0.048692602869278234,0.021060530891881646,0.0037472002795313486,-0.015749762886031915,0.014553541787062363,0.026640179628707017,0.016019294728622402,0.020824499655292206,0.01838543231983225,0.009383773906511017,0.026886128675243093,0.004051318985581975,0.09366671244303393,0.044540337874050095,0.006884897578700144
2025-07-31,0.023031441524578256,-0.013857202186546846,0.006874352572445508,0.01668291289389745,0.024236967792024444,-0.01800717626593673,0.004036213116140441,0.007110871581349709,-0.0022965947319826263,-0.013423027493818074,0.03755479777722748,0.0,0.02829863296829238,-0.0323466717919032,0.04910601224300892,-0.01469684369846136,-0.0026393090244004602,-0.01139648084018996,-0.005938948833443147,-0.000897325635918822,0.0013575088744073316,9.119831671533518e-05,0.006829814032786485,-0.0061345510598058706,0.015543989642998524,0.029344342392092937,0.0008982902407168591
2025-08-31,0.020519537835420598,0.04429029745561386,0.03473888133217917,0.07192667911012807,0.009539755377876658,0.06329801713531547,0.010112377706557263,0.026232803995085874,0.05958384578500553,0.017816784340094927,-0.0011035915999687562,0.030933778483985375,0.03646371411331817,0.05366858268083252,-0.01575824532060699,0.012534392495469504,0.011903443786890566,0.0001270550817933369,0.01648138263972987,0.010435606145862586,0.011053552395762,0.016123416347294306,0.017964702736719573,0.049874624687468394,0.08613442251413272,-0.010690501750062142,0.03477671339123911
2025-09-30,0.035620412937162005,0.02549790050189915,0.056879265859579586,0.03179115425202639,0.0537621543526261,0.024655069665523444,0.054690825177872826,0.03190093676792127,0.050566208941522195,0.013244110770118,0.07533705604273622,0.0010619423721083265,-0.0031819542416609004,0.017292236388041005,0.04123629596202938,-0.023176768285335547,0.011267752512993168,0.03590958287970425,0.006511147575779752,0.018772390256128535,0.00885972667887125,0.004216662649697334,0.015706811573588997,0.11758415768627128,0.1707654197205415,0.014407972239687483,0.0005763974444334963
2025-10-31,0.02383732196113164,0.017690295382783994,0.01458102028589714,0.01764753236397243,0.0478039193862998,0.0403939056076299,-0.008695659443532788,0.00925449040290105,0.04286282528708263,-0.020601252926946034,0.06677072126753791,-0.02784484461140624,-0.01354369615863904,0.03650212697080346,0.02167175215942252,-0.026668357458365044,0.006154758870058119,0.013811005059777282,0.007112547212653864,0.0014947081111966742,-0.00011158656454768323,0.00322457261237985,0.01975795051392204,0.035586670754335525,0.03870661862146729,0.015534844102449874,-0.02450218603541887
2025-11-30,0.0019500340229998692,0.009675280106346218,-0.012188517089581574,0.010234366347797508,-0.015610489765097046,-0.005272558085539059,-0.015616421654408352,0.00906773929192739,0.024998019895615897,0.023073632918290565,-0.048091077705214036,0.018331163227289782,0.02632478542347183,0.09289422803895753,0.01717172147144086,0.04050864025145895,0.006057012271488693,0.0027233059265592274,0.009881492319889329,0.009311644146988263,0.007463746199208199,0.00217083080728675,0.004966147332804649,0.05367817567023114,0.16359920557907937,0.007867126314085038,0.024220564746014972
2025-12-31,0.0007975195784812872,0.03178366384949127,0.009518348336334137,-0.007093582148310462,-0.00669922537365697,0.009047119967566353,0.00294968192182532,0.005803675792975138,0.02900002906369248,-0.008181051518175608,0.007535317725616553,0.030591112597060377,-0.0029602832446410376,-0.013896593928060419,-0.050870024921298884,-0.013440718506510185,-0.0027898922994604725,-0.026586010911893054,-0.00761190049574767,-0.007374630959690043,0.0049257758082348335,-0.0061906125140548385,0.0031636928924307917,0.02173350667644791,0.2579574169232519,0.0022788157681672416,-0.02236261632243275
2026-01-31,0.0147377327962257,0.05970859993828115,0.05040928169234049,0.05480170514892979,0.012306484762509173,0.06167950815822687,0.022292334327356444,0.019132025961031918,0.0764278653136159,0.008814712693802962,-0.0006250330954493677,-0.024283402340809945,0.14180269154803216,-0.00038759083789097204,0.013117878420585205,0.07505152753409394,0.002502983132396608,-0.00034425227517442814,-0.0022878504853144355,0.0034486079458784236,0.006077185203717583,0.0051861071267114145,0.0031159725347307266,0.12273224230545976,0.17106495786541798,0.09257601244724079,0.02610474278059982
2026-02-28,-0.008641951723092456,0.06102727647919548,0.028864834747345025,0.006778441283474379,-0.02344542544546735,0.07757817815187806,-0.011450202172630597,0.012054153378671106,0.024527814273162862,0.029687330890331154,-0.03558535174154043,-0.03761222018676169,0.09539665848374734,0.03528493724752524,0.1035837780437574,0.07783495460586964,0.015981304565631627,0.046337471856016554,0.024699801256894194,0.013779598577885466,-1.2280315469737069e-05,0.012671904306602588,0.0162740928279812,0.08720077925273872,0.12659060330466843,0.027425299546639748,0.053854631059392144
2026-03-31,-0.04937954609873141,-0.08614680872523639,-0.06970738973193769,-0.049611182651938646,-0.048382514823681166,-0.08585038507503151,-0.05042250442850815,-0.061701435066554455,-0.0529450731224842,-0.04793294843214935,-0.041040323559132896,-0.03512002205602005,0.1026512408905973,-0.08106919329529605,-0.03182830013336535,-0.08408570720359343,-0.017945517188241555,-0.04230048498307215,-0.023201987457187045,-0.020728328093148618,-0.009536261770419219,-0.013585945410169442,-0.034902919683603484,-0.11051161024305556,-0.19825860569063614,0.15338646705009684,-0.06313939296458826
2026-04-30,0.10505265471572445,0.07365794453544638,0.0902867925439148,0.12084677911573838,0.15690079127441958,0.05518706653222161,0.18329932283124628,0.08049633824060543,0.17497717459471218,0.020487401009755324,0.20015054420720535,0.05590443986110705,-0.0262813718538476,-0.004228873300637037,0.020919570652450314,0.02842149434314578,0.0016880007335096092,-0.008396584713689315,-0.0015033387768542683,0.002819102806824736,0.015206622457539343,0.010873472784113547,0.024872943781973023,-0.015408224107347213,-0.021719925752800906,0.07426596068635027,0.08602035113106843
2026-05-31,0.030153403215841035,0.030524673882210474,0.025623592630468428,0.030560834190314745,0.06948816169865202,0.03579127997009901,0.08299871784910717,0.01662247201070577,0.11013343562484579,-0.0062299198349264895,0.11680253845023514,-0.016974926836186177,-0.04157591439218411,-0.01972741129150346,-0.03639270164115849,-0.013047070406526973,0.0021272238851579583,0.003868493404538098,0.00039086664726029063,0.005626084994238001,0.0016132590274953174,0.0028468895262661054,0.006342338641596834,0.023674641676338926,0.16227867775481108,-0.0006431015279211305,0.0027509538524996824
